<?xml version="1.0" encoding="UTF-8"?>
<application>
  <component name="CodeInsightSettings">
    <option name="AUTO_POPUP_JAVADOC_INFO" value="true" />
    <EXCLUDED_PACKAGE NAME="android.view" />
  </component>
  <component name="DaemonCodeAnalyzerSettings" profile="Default">
    <option name="NEXT_ERROR_ACTION_GOES_TO_ERRORS_FIRST" value="true" />
    <option name="AUTOREPARSE_DELAY" value="300" />
    <option name="SHOW_ADD_IMPORT_HINTS" value="true" />
    <option name="NO_AUTO_IMPORT_PATTERN" value="[a-z].?" />
    <option name="SUPPRESS_WARNINGS" value="true" />
    <option name="SHOW_METHOD_SEPARATORS" value="false" />
    <option name="ERROR_STRIPE_MARK_MIN_HEIGHT" value="3" />
    <option name="SHOW_SMALL_ICONS_IN_GUTTER" value="true" />
  </component>
</application>

