<?xml version="1.0" encoding="UTF-8"?>
<application>
  <component name="GeneralSettings">
    <option name="lastTip" value="41" />
    <option name="showTipsOnStartup" value="true" />
    <option name="showOccupiedMemory" value="false" />
    <option name="reopenLastProject" value="true" />
    <option name="autoSyncFiles" value="true" />
    <option name="autoSaveFiles" value="true" />
    <option name="autoSaveIfInactive" value="false" />
    <option name="inactiveTimeout" value="15" />
    <option name="useSafeWrite" value="true" />
    <option name="useDefaultBrowser" value="true" />
    <option name="confirmExtractFiles" value="true" />
    <option name="searchInBackground" value="false" />
    <option name="confirmExit" value="true" />
    <option name="confirmOpenNewProject2" value="-1" />
    <option name="lastProjectLocation" value="$USER_HOME$/AndroidStudioProjects" />
  </component>
</application>

