<application>
  <component name="VimEditorSettings">
    <editor />
  </component>
  <component name="VimHistorySettings">
    <history>
      <history-search>
        <entry encoding="base64">XDxHcHNGaXhcPg==</entry>
      </history-search>
    </history>
  </component>
  <component name="VimKeySettings">
    <shortcut-conflicts>
      <shortcut-conflict owner="vim">
        <text>ctrl pressed T</text>
      </shortcut-conflict>
      <shortcut-conflict owner="vim">
        <text>ctrl pressed D</text>
      </shortcut-conflict>
    </shortcut-conflicts>
  </component>
  <component name="VimMarksSettings">
    <globalmarks />
    <filemarks>
      <file name="$USER_HOME$/projects/AndroidProjects/bluebox-gatt-client/app/src/main/java/ai/code42/blueboxgattclient/BlueBoxGattClient.kt" timestamp="1590566577626">
        <mark key="'" line="8" column="39" />
      </file>
      <file name="$USER_HOME$/projects/AndroidProjects/bluebox-gatt-client/blueparcel/BlueParcel/src/main/java/ai/code42/blueparcel/bt/BlueParcelGattManager.kt" timestamp="1590566627742">
        <mark key="'" line="4" column="44" />
      </file>
      <file name="$USER_HOME$/projects/AndroidProjects/bluebox-gatt-client/blueparcel/BlueParcel/src/main/java/ai/code42/blueparcel/BlueParcel.kt" timestamp="1590566590149">
        <mark key="'" line="34" column="31" />
      </file>
      <file name="$USER_HOME$/projects/AndroidProjects/bluebox-gatt-client/app/src/main/java/ai/code42/blueboxgattclient/ui/DataViewModel.kt" timestamp="1590566779156">
        <mark key="'" line="23" column="4" />
      </file>
      <file name="$USER_HOME$/projects/AndroidProjects/bluebox-gatt-client/blueparcel/BlueParcel/src/main/java/ai/code42/blueparcel/data/LocationData.kt" timestamp="1590566703599">
        <mark key="'" line="44" column="24" />
      </file>
    </filemarks>
    <jumps>
      <jump line="9" column="48" filename="$USER_HOME$/projects/AndroidProjects/bluebox-gatt-client/app/src/main/java/ai/code42/blueboxgattclient/BlueBoxGattClient.kt" />
      <jump line="101" column="22" filename="$USER_HOME$/.gradle/caches/modules-2/files-2.1/io.reactivex.rxjava3/rxjava/3.0.0-RC9/4e5a82606ebab8d50f394fbccda43346b9d9fba3/rxjava-3.0.0-RC9-sources.jar!/io/reactivex/rxjava3/core/Observable.java" />
      <jump line="142" column="32" filename="$USER_HOME$/projects/AndroidProjects/bluebox-gatt-client/blueparcel/BlueParcel/src/main/java/ai/code42/blueparcel/BlueParcel.kt" />
      <jump line="129" column="5" filename="$USER_HOME$/projects/AndroidProjects/bluebox-gatt-client/blueparcel/BlueParcel/src/main/java/ai/code42/blueparcel/BlueParcel.kt" />
      <jump line="157" column="0" filename="$USER_HOME$/projects/AndroidProjects/bluebox-gatt-client/blueparcel/BlueParcel/src/main/java/ai/code42/blueparcel/BlueParcel.kt" />
      <jump line="11" column="0" filename="$USER_HOME$/projects/AndroidProjects/bluebox-gatt-client/blueparcel/BlueParcel/src/main/java/ai/code42/blueparcel/BlueParcel.kt" />
      <jump line="8" column="39" filename="$USER_HOME$/projects/AndroidProjects/bluebox-gatt-client/app/src/main/java/ai/code42/blueboxgattclient/BlueBoxGattClient.kt" />
      <jump line="34" column="31" filename="$USER_HOME$/projects/AndroidProjects/bluebox-gatt-client/blueparcel/BlueParcel/src/main/java/ai/code42/blueparcel/BlueParcel.kt" />
      <jump line="9" column="45" filename="$USER_HOME$/projects/AndroidProjects/bluebox-gatt-client/blueparcel/BlueParcel/src/main/java/ai/code42/blueparcel/bt/BlueParcelGattManager.kt" />
      <jump line="0" column="0" filename="$USER_HOME$/projects/AndroidProjects/bluebox-gatt-client/blueparcel/BlueParcel/src/main/java/ai/code42/blueparcel/ui/ScanListActivity.kt" />
      <jump line="4" column="44" filename="$USER_HOME$/projects/AndroidProjects/bluebox-gatt-client/blueparcel/BlueParcel/src/main/java/ai/code42/blueparcel/bt/BlueParcelGattManager.kt" />
      <jump line="64" column="15" filename="$USER_HOME$/projects/AndroidProjects/bluebox-gatt-client/blueparcel/BlueParcel/src/main/java/ai/code42/blueparcel/data/LocationData.kt" />
      <jump line="10" column="14" filename="$USER_HOME$/projects/AndroidProjects/bluebox-gatt-client/blueparcel/BlueParcel/src/main/java/ai/code42/blueparcel/data/LocationData.kt" />
      <jump line="35" column="16" filename="$USER_HOME$/projects/AndroidProjects/bluebox-gatt-client/blueparcel/BlueParcel/src/main/java/ai/code42/blueparcel/data/LocationData.kt" />
      <jump line="44" column="24" filename="$USER_HOME$/projects/AndroidProjects/bluebox-gatt-client/blueparcel/BlueParcel/src/main/java/ai/code42/blueparcel/data/LocationData.kt" />
      <jump line="82" column="18" filename="$USER_HOME$/.gradle/caches/modules-2/files-2.1/com.google.code.gson/gson/2.8.5/c5b4c491aecb72e7c32a78da0b5c6b9cda8dee0f/gson-2.8.5-sources.jar!/com/google/gson/annotations/SerializedName.java" />
      <jump line="23" column="4" filename="$USER_HOME$/projects/AndroidProjects/bluebox-gatt-client/app/src/main/java/ai/code42/blueboxgattclient/ui/DataViewModel.kt" />
    </jumps>
  </component>
  <component name="VimRegisterSettings">
    <registers>
      <register name="/" type="4">
        <text encoding="base64">XDxHcHNGaXhcPg==</text>
      </register>
    </registers>
  </component>
  <component name="VimSearchSettings">
    <search>
      <last-search encoding="base64">XDxHcHNGaXhcPg==</last-search>
      <last-offset />
      <last-pattern encoding="base64">XDxHcHNGaXhcPg==</last-pattern>
      <last-dir>-1</last-dir>
      <show-last>false</show-last>
    </search>
  </component>
  <component name="VimSettings">
    <state version="6" enabled="true" />
    <notifications>
      <idea-join enabled="false" />
      <idea-put enabled="false" />
    </notifications>
  </component>
</application>